Campaign,Ad Group,Keyword,Match Type,Status,Final URL
PT · alentejo,alentejo · intenção local,decoração de casamento Évora,Phrase,Enabled,https://liquen-events.com/casamentos/alentejo
PT · alentejo,alentejo · intenção local,decoração casamentos Évora,Phrase,Enabled,https://liquen-events.com/casamentos/alentejo
PT · alentejo,alentejo · intenção local,wedding designer Évora,Phrase,Enabled,https://liquen-events.com/casamentos/alentejo
PT · alentejo,alentejo · intenção local,empresa decoração casamentos Évora,Phrase,Enabled,https://liquen-events.com/casamentos/alentejo
PT · alentejo,alentejo · intenção local,decoração de casamento Estremoz,Phrase,Enabled,https://liquen-events.com/casamentos/alentejo
PT · alentejo,alentejo · intenção local,decoração casamentos Estremoz,Phrase,Enabled,https://liquen-events.com/casamentos/alentejo
PT · alentejo,alentejo · intenção local,wedding designer Estremoz,Phrase,Enabled,https://liquen-events.com/casamentos/alentejo
PT · alentejo,alentejo · intenção local,empresa decoração casamentos Estremoz,Phrase,Enabled,https://liquen-events.com/casamentos/alentejo
PT · alentejo,alentejo · intenção local,decoração de casamento Arraiolos,Phrase,Enabled,https://liquen-events.com/casamentos/alentejo
PT · alentejo,alentejo · espaços,casamento Herdade Vale Lameira,Phrase,Enabled,https://liquen-events.com/casamentos/alentejo
PT · alentejo,alentejo · espaços,decoração Herdade Vale Lameira,Phrase,Enabled,https://liquen-events.com/casamentos/alentejo
PT · alentejo,alentejo · espaços,casamento Quinta do Louredo,Phrase,Enabled,https://liquen-events.com/casamentos/alentejo
PT · alentejo,alentejo · espaços,decoração Quinta do Louredo,Phrase,Enabled,https://liquen-events.com/casamentos/alentejo
