Campaign,Ad Group,Keyword,Match Type
PT · alentejo,,grátis,Phrase
PT · alentejo,,gratis,Phrase
PT · alentejo,,gratuito,Phrase
PT · alentejo,,barato,Phrase
PT · alentejo,,barata,Phrase
PT · alentejo,,baratos,Phrase
PT · alentejo,,baratas,Phrase
PT · alentejo,,low cost,Phrase
PT · alentejo,,económico,Phrase
PT · alentejo,,economico,Phrase
PT · alentejo,,em conta,Phrase
PT · alentejo,,preço por pessoa,Phrase
PT · alentejo,,quanto custa,Phrase
PT · alentejo,,tabela de preços,Phrase
PT · alentejo,,cheap,Phrase
PT · alentejo,,budget,Phrase
PT · alentejo,,free,Phrase
PT · alentejo,,price list,Phrase
PT · alentejo,,emprego,Phrase
PT · alentejo,,empregos,Phrase
PT · alentejo,,vagas,Phrase
PT · alentejo,,vaga,Phrase
PT · alentejo,,recrutamento,Phrase
PT · alentejo,,contrata,Phrase
PT · alentejo,,contrata-se,Phrase
PT · alentejo,,estágio,Phrase
PT · alentejo,,estagio,Phrase
PT · alentejo,,curso,Phrase
PT · alentejo,,cursos,Phrase
PT · alentejo,,formação,Phrase
PT · alentejo,,formacao,Phrase
PT · alentejo,,workshop,Phrase
PT · alentejo,,certificação,Phrase
PT · alentejo,,aprender,Phrase
PT · alentejo,,salário,Phrase
PT · alentejo,,salario,Phrase
PT · alentejo,,ordenado,Phrase
PT · alentejo,,job,Phrase
PT · alentejo,,jobs,Phrase
PT · alentejo,,career,Phrase
PT · alentejo,,internship,Phrase
PT · alentejo,,course,Phrase
PT · alentejo,,training,Phrase
PT · alentejo,,diy,Phrase
PT · alentejo,,faça você mesmo,Phrase
PT · alentejo,,faca voce mesmo,Phrase
PT · alentejo,,como fazer,Phrase
PT · alentejo,,como decorar,Phrase
PT · alentejo,,passo a passo,Phrase
PT · alentejo,,tutorial,Phrase
PT · alentejo,,molde,Phrase
PT · alentejo,,moldes,Phrase
PT · alentejo,,caseiro,Phrase
PT · alentejo,,caseira,Phrase
PT · alentejo,,em casa,Phrase
PT · alentejo,,how to make,Phrase
PT · alentejo,,step by step,Phrase
PT · alentejo,,imagens,Phrase
PT · alentejo,,imagem,Phrase
PT · alentejo,,fotos de,Phrase
PT · alentejo,,fotografias de,Phrase
PT · alentejo,,ideias,Phrase
PT · alentejo,,ideias de,Phrase
PT · alentejo,,inspiração,Phrase
PT · alentejo,,inspiracao,Phrase
PT · alentejo,,significado,Phrase
PT · alentejo,,frases,Phrase
PT · alentejo,,mensagens,Phrase
PT · alentejo,,poemas,Phrase
PT · alentejo,,wikipedia,Phrase
PT · alentejo,,pinterest,Phrase
PT · alentejo,,youtube,Phrase
PT · alentejo,,vídeos,Phrase
PT · alentejo,,videos,Phrase
PT · alentejo,,download,Phrase
PT · alentejo,,pdf,Phrase
PT · alentejo,,grelha,Phrase
PT · alentejo,,template,Phrase
PT · alentejo,,ideas,Phrase
PT · alentejo,,pictures,Phrase
PT · alentejo,,quotes,Phrase
PT · alentejo,,aluguer de mesas,Phrase
PT · alentejo,,aluguer de cadeiras,Phrase
PT · alentejo,,aluguer de tendas,Phrase
PT · alentejo,,aluguer de louça,Phrase
PT · alentejo,,aluguer de toalhas,Phrase
PT · alentejo,,aluguer de material,Phrase
PT · alentejo,,venda de material,Phrase
PT · alentejo,,comprar,Phrase
PT · alentejo,,loja,Phrase
PT · alentejo,,segunda mão,Phrase
PT · alentejo,,segunda mao,Phrase
PT · alentejo,,olx,Phrase
PT · alentejo,,rental,Phrase
PT · alentejo,,hire chairs,Phrase
PT · alentejo,,buy,Phrase
PT · alentejo,,fotógrafo,Phrase
PT · alentejo,,fotografo,Phrase
PT · alentejo,,fotografia de casamento,Phrase
PT · alentejo,,videógrafo,Phrase
PT · alentejo,,videografo,Phrase
PT · alentejo,,catering,Phrase
PT · alentejo,,menu,Phrase
PT · alentejo,,ementa,Phrase
PT · alentejo,,bolo,Phrase
PT · alentejo,,doces,Phrase
PT · alentejo,,dj,Phrase
PT · alentejo,,banda,Phrase
PT · alentejo,,música,Phrase
PT · alentejo,,musica,Phrase
PT · alentejo,,convites,Phrase
PT · alentejo,,vestido,Phrase
PT · alentejo,,vestidos,Phrase
PT · alentejo,,fato,Phrase
PT · alentejo,,alianças,Phrase
PT · alentejo,,aliancas,Phrase
PT · alentejo,,lua de mel,Phrase
PT · alentejo,,carro,Phrase
PT · alentejo,,limousine,Phrase
PT · alentejo,,photographer,Phrase
PT · alentejo,,videographer,Phrase
PT · alentejo,,dress,Phrase
PT · alentejo,,cake,Phrase
PT · alentejo,,honeymoon,Phrase
PT · alentejo,,batizado,Phrase
PT · alentejo,,baptizado,Phrase
PT · alentejo,,aniversário infantil,Phrase
PT · alentejo,,aniversario infantil,Phrase
PT · alentejo,,festa infantil,Phrase
PT · alentejo,,funeral,Phrase
PT · alentejo,,brasil,Phrase
PT · alentejo,,espanha,Phrase
PT · alentejo,,spain,Phrase
PT · alentejo,,italy,Phrase
PT · alentejo,,greece,Phrase
PT · alentejo,,Albufeira,Phrase
PT · alentejo,,Amarante,Phrase
PT · alentejo,,Angra do Heroísmo,Phrase
PT · alentejo,,Aveiro,Phrase
PT · alentejo,,Barcelos,Phrase
PT · alentejo,,Braga,Phrase
PT · alentejo,,Cascais,Phrase
PT · alentejo,,Coimbra,Phrase
PT · alentejo,,Câmara de Lobos,Phrase
PT · alentejo,,Estoril,Phrase
PT · alentejo,,Figueira da Foz,Phrase
PT · alentejo,,Funchal,Phrase
PT · alentejo,,Guimarães,Phrase
PT · alentejo,,Horta,Phrase
PT · alentejo,,Ilha de São Miguel,Phrase
PT · alentejo,,Lagos,Phrase
PT · alentejo,,Lamego,Phrase
PT · alentejo,,Leiria,Phrase
PT · alentejo,,Lisboa,Phrase
PT · alentejo,,Loulé,Phrase
PT · alentejo,,Mafra,Phrase
PT · alentejo,,Matosinhos,Phrase
PT · alentejo,,Oeiras,Phrase
PT · alentejo,,Palmela,Phrase
PT · alentejo,,Peso da Régua,Phrase
PT · alentejo,,Ponta Delgada,Phrase
PT · alentejo,,Ponte de Lima,Phrase
PT · alentejo,,Portimão,Phrase
PT · alentejo,,Porto,Phrase
PT · alentejo,,Porto Santo,Phrase
PT · alentejo,,Quinta do Lago,Phrase
PT · alentejo,,Santa Cruz,Phrase
PT · alentejo,,Sintra,Phrase
PT · alentejo,,Tavira,Phrase
PT · alentejo,,Viana do Castelo,Phrase
PT · alentejo,,Vila Nova de Gaia,Phrase
PT · alentejo,,Vilamoura,Phrase
PT · alentejo,,Viseu,Phrase
PT · alentejo,,Óbidos,Phrase
